{
  "counts": {
    "decision_groups": 10,
    "holdout_groups": 684,
    "holdout_transitions": 982,
    "train_groups": 2738,
    "train_transitions": 5218
  },
  "decision_metrics": {
    "mean_baseline": {
      "kendall_tau": 0.4019592845212954,
      "selected_regret": 0.0008284538984298706,
      "top1_agreement": 0.9,
      "top3_recall": 0.3666666666666667
    },
    "residual_mlp": {
      "kendall_tau": 0.5157133786472475,
      "selected_regret": 0.0008284538984298706,
      "top1_agreement": 0.9,
      "top3_recall": 0.6333333333333334
    },
    "ridge": {
      "kendall_tau": 0.16819925502189775,
      "selected_regret": 1.1026948708295823,
      "top1_agreement": 0.3,
      "top3_recall": 0.2333333333333333
    }
  },
  "one_step_mse": {
    "mean_baseline": 1.211649744721968,
    "residual_mlp": 0.4706623175753951,
    "ridge": 5.055898265864675
  },
  "overhead": {
    "wall_seconds": 20177.632232311997
  },
  "provenance": {
    "args": {
      "device": "cuda:0",
      "epochs": 300,
      "holdout_fraction": 0.2,
      "out": "results/residual_mlp_eval.json",
      "ranking_weight": 0.1,
      "seed": 0,
      "transitions": [
        "results/transitions/dh_300.pkl",
        "results/transitions/dh_3000.pkl",
        "results/transitions/dh_10k.pkl",
        "results/transitions/dh_30k.pkl",
        "results/transitions/ct_10k.pkl",
        "results/transitions/ct_30k.pkl",
        "results/transitions/lh_10k.pkl",
        "results/transitions/lh_30k.pkl"
      ]
    },
    "config_hash": "16357a1efbd55b04",
    "environment_version": "real-v1",
    "git_commit": "b9479b26f61d354abd07c7ee392d860048cbb1b2",
    "probe_suite_hash": "ee7918e62d630274",
    "seed": 0,
    "simulator_version": "residual-mlp-v1"
  },
  "train_losses": [
    0.8254261760704359,
    0.7059243939111588,
    0.6257983496838851,
    0.5799403237446645,
    0.5409077137263171,
    0.5033278691558465,
    0.4672368350797524,
    0.4357659608788214,
    0.41531437895863665,
    0.39066385240185164,
    0.3784124744508448,
    0.3702143219129342,
    0.35195147602230986,
    0.3415132143151696,
    0.3314766945904953,
    0.32371916022507247,
    0.316502904877118,
    0.310059763158462,
    0.3028369040159532,
    0.30115621613217936,
    0.29303631690234777,
    0.2890202162816589,
    0.28866329996130186,
    0.2825122868600089,
    0.2775903901041708,
    0.27534409743066535,
    0.271204968529581,
    0.27452558248338454,
    0.2743427608763294,
    0.26298683648447096,
    0.2643802368384456,
    0.26066630361790905,
    0.257142434378564,
    0.2601560296104552,
    0.2566706055069207,
    0.24639036340996676,
    0.2512663943231129,
    0.24607220084908685,
    0.36958350823180525,
    0.28609296362797115,
    0.2570676202230775,
    0.24726001187250868,
    0.24038637438042953,
    0.23652662732915067,
    0.23412122512889483,
    0.23014038537467243,
    0.24597095252911036,
    0.2290572198218498,
    0.22741533197025632,
    0.23041119021618786,
    0.22468651597159273,
    0.22581417022909056,
    0.22244729759901957,
    0.23705876826805922,
    0.22522646269017468,
    0.22306661566683003,
    0.21964144047768056,
    0.21527018654918753,
    0.215165869898997,
    0.21305726257810742,
    0.21368167721179138,
    0.21091575935324486,
    0.20887749637725192,
    0.21030264552261418,
    0.21131065331439422,
    0.2087740887328768,
    0.20971781166392459,
    0.20696120460019024,
    0.20536685042510194,
    0.20270538974471958,
    0.20202486692071417,
    0.203186629232963,
    0.2045973868003267,
    0.20193972139651062,
    0.1976810624082628,
    0.1975539791143948,
    0.1960948984156159,
    0.19824656676293995,
    0.19699254020014775,
    0.19423686866403975,
    0.19179491980173388,
    0.19380404471554327,
    0.19275852538939406,
    0.19052225758131322,
    0.18887258282351788,
    0.18812791381892274,
    0.18881378122939146,
    0.1890382970543703,
    0.18871752365969546,
    0.21812194988028716,
    0.2024510538026308,
    0.19715038223863904,
    0.1857117652341912,
    0.1960955843109539,
    0.19161164670063188,
    0.18672108073922672,
    0.18628751111512054,
    0.18126559959586758,
    0.18434239670865582,
    0.18246503066679912,
    0.18481794450162195,
    0.18106246032120624,
    0.18110297938709563,
    0.19076927524986692,
    0.17909313284536063,
    0.17604789716195515,
    0.17585353247554322,
    0.17422236895599913,
    0.17367277634656716,
    0.17298119370609624,
    0.17383908343045545,
    0.17391849374138005,
    0.1726093122206597,
    0.1728391670320296,
    0.17244454801879358,
    0.1708454528460104,
    0.16934955262480145,
    0.16935416312096516,
    0.16863749507813217,
    0.17274792742336811,
    0.17069451735473115,
    0.1684925600760693,
    0.1651738933831933,
    0.16543100378395767,
    0.1641539647902518,
    0.16127733740600053,
    0.16209028931830796,
    0.1618655963910436,
    0.16180566868585228,
    0.16056993579004358,
    0.16168359156638018,
    0.16242079661399464,
    0.16172659479655632,
    0.15936002861201512,
    0.17706730483251887,
    0.1639030327147316,
    0.16111237315433197,
    0.15886833439265183,
    0.15552202228495288,
    0.15438703313004404,
    0.15614062672193227,
    0.15551697644849488,
    0.1551938007805952,
    0.15412398758560317,
    0.1531868912843611,
    0.15848402148355392,
    0.15618430775825481,
    0.15491760487572906,
    0.155619738019693,
    0.18513235550954932,
    0.16727927229811618,
    0.15697625793456665,
    0.16403995891558218,
    0.15993697860914657,
    0.15107774239743108,
    0.15050737580892032,
    0.14845213910008628,
    0.1479350401566215,
    0.14685882861776317,
    0.14751766338778804,
    0.15494359805844454,
    0.15533645818029249,
    0.14694427676861566,
    0.1620593914849953,
    0.1510544714955888,
    0.14622095973513258,
    0.15057127304188123,
    0.14552027575783047,
    0.14440403935892507,
    0.14265510715164412,
    0.14216036518593775,
    0.14053837570689132,
    0.14126550419889347,
    0.14189672604454528,
    0.14330592308027099,
    0.17496341222025463,
    0.15871582555432184,
    0.15218466738593756,
    0.14215977445506087,
    0.1415813479948419,
    0.139360707703351,
    0.1415478791177684,
    0.1390039134769204,
    0.13721940937159663,
    0.1361025372936311,
    0.1363012405685672,
    0.13867066143778103,
    0.13560853046877328,
    0.1373092637116417,
    0.13662722021510526,
    0.13457187745579505,
    0.1369105017832889,
    0.13441293266622922,
    0.14054835332295545,
    0.13693050339235432,
    0.13634536030976085,
    0.13625238680888657,
    0.13327090115985704,
    0.13429201906493404,
    0.13018611021805376,
    0.13084027208901883,
    0.13010252286541182,
    0.12974026966261745,
    0.12913985474512762,
    0.13064325761211334,
    0.13200666271749814,
    0.13371875556078752,
    0.13035108811008195,
    0.12856841413107878,
    0.1293383555798429,
    0.12714923156786606,
    0.12633587195526919,
    0.12537905129066096,
    0.12707882072889357,
    0.13103743924214242,
    0.12898446886092368,
    0.13074811292800093,
    0.1310365806319799,
    0.14420043587493298,
    0.13254296188997716,
    0.12929746814945983,
    0.1334542592051455,
    0.12949670823226692,
    0.12607360881192473,
    0.12591368748905296,
    0.12560151382601092,
    0.13684944545328273,
    0.12787116783138847,
    0.12387220615905882,
    0.12160900094210474,
    0.12068925891785488,
    0.12205323823054788,
    0.12157519193810234,
    0.1219505649306317,
    0.12032445959194256,
    0.11995248145278545,
    0.12081290347321011,
    0.1212229073346061,
    0.12200705234843762,
    0.12382487995937701,
    0.12215191726142668,
    0.12043494940869262,
    0.11938933238862585,
    0.11717153909295261,
    0.12235125204767416,
    0.11888357958995197,
    0.1165250355628383,
    0.11917312319603585,
    0.11807741538752492,
    0.12196572014263087,
    0.12033292291855141,
